{"cameraMode":{"drawMode":0,"name":"Shaded","section":"Shading Mode"},"sceneLighting":true,"audioPlay":false,"sceneViewState":{"m_AlwaysRefresh":false,"showFog":true,"showSkybox":true,"showFlares":true,"showImageEffects":true,"showParticleSystems":true,"showVisualEffectGraphs":true,"m_FxEnabled":true},"in2DMode":false,"pivot":{"x":-2.6748573780059816,"y":5.334187984466553,"z":19.356550216674806},"rotation":{"x":0.11670911312103272,"y":-0.020257409662008287,"z":0.002381124533712864,"w":0.9929576516151428},"size":23.14461326599121,"orthographic":false}